epoch,time,train/box_loss,train/cls_loss,train/dfl_loss,metrics/precision(B),metrics/recall(B),metrics/mAP50(B),metrics/mAP50-95(B),val/box_loss,val/cls_loss,val/dfl_loss,lr/pg0,lr/pg1,lr/pg2,lr/pg3,lr/pg4,lr/pg5,lr/pg6,lr/pg7
1,581.529,1.49418,1.49009,1.18192,0.7955,0.59456,0.64666,0.36915,1.26651,1.04434,1.07533,0.00999224,0.00333075,0.00999224,0.00333075,0.00999224,0.00333075,0.00999224,0.00333075
2,1006.39,1.46659,1.09565,1.1361,0.85,0.60881,0.67055,0.35522,1.44048,0.93204,1.11854,0.0199901,0.00666336,0.0199901,0.00666336,0.0199901,0.00666336,0.0199901,0.00666336
3,1387.29,1.50706,1.07073,1.16936,0.8063,0.62819,0.66317,0.31703,1.56225,0.94719,1.16616,0.0299792,0.00999307,0.0299792,0.00999307,0.0299792,0.00999307,0.0299792,0.00999307
4,1759.1,1.50378,1.0363,1.18388,0.83485,0.61855,0.67049,0.35864,1.45179,0.91304,1.14338,0.0299707,0.00999023,0.0299707,0.00999023,0.0299707,0.00999023,0.0299707,0.00999023
5,2130,1.45578,0.97536,1.16536,0.82277,0.6234,0.68641,0.35775,1.39744,0.80015,1.11913,0.0299479,0.00998264,0.0299479,0.00998264,0.0299479,0.00998264,0.0299479,0.00998264
6,2504.01,1.43143,0.93003,1.14687,0.81222,0.65476,0.71941,0.39607,1.38599,0.7933,1.106,0.0299187,0.00997288,0.0299187,0.00997288,0.0299187,0.00997288,0.0299187,0.00997288
7,2876.23,1.40899,0.90631,1.14247,0.87002,0.65941,0.74457,0.40321,1.39397,0.7611,1.10622,0.0298829,0.00996097,0.0298829,0.00996097,0.0298829,0.00996097,0.0298829,0.00996097
8,3270.01,1.39158,0.88393,1.13344,0.84126,0.66937,0.74307,0.41261,1.42934,0.74691,1.09562,0.0298407,0.0099469,0.0298407,0.0099469,0.0298407,0.0099469,0.0298407,0.0099469
9,3676.81,1.37133,0.85472,1.11796,0.82484,0.69322,0.76374,0.42716,1.28748,0.71018,1.07418,0.029792,0.00993068,0.029792,0.00993068,0.029792,0.00993068,0.029792,0.00993068
10,4081.28,1.3581,0.83858,1.11723,0.83274,0.70411,0.76142,0.44525,1.2015,0.70202,1.06678,0.029737,0.00991232,0.029737,0.00991232,0.029737,0.00991232,0.029737,0.00991232
11,4476.45,1.34845,0.82877,1.11065,0.79989,0.68047,0.73872,0.42051,1.23076,0.68,1.0617,0.0296755,0.00989183,0.0296755,0.00989183,0.0296755,0.00989183,0.0296755,0.00989183
12,4861.52,1.33903,0.81952,1.10095,0.89899,0.68301,0.77345,0.43993,1.24077,0.68621,1.05317,0.0296076,0.00986922,0.0296076,0.00986922,0.0296076,0.00986922,0.0296076,0.00986922
13,5247.41,1.32843,0.80672,1.09623,0.86669,0.70651,0.78549,0.47269,1.15202,0.64924,1.04103,0.0295335,0.00984449,0.0295335,0.00984449,0.0295335,0.00984449,0.0295335,0.00984449
14,5630.49,1.31601,0.79601,1.09152,0.83119,0.72596,0.78579,0.46755,1.18517,0.64965,1.03668,0.029453,0.00981765,0.029453,0.00981765,0.029453,0.00981765,0.029453,0.00981765
15,6018.07,1.31018,0.78814,1.09095,0.84898,0.709,0.77616,0.45172,1.17963,0.63307,1.04721,0.0293662,0.00978873,0.0293662,0.00978873,0.0293662,0.00978873,0.0293662,0.00978873
16,6406.61,1.29769,0.7753,1.08374,0.85515,0.70991,0.77748,0.4674,1.12824,0.63191,1.03093,0.0292732,0.00975773,0.0292732,0.00975773,0.0292732,0.00975773,0.0292732,0.00975773
17,6792.1,1.29381,0.77383,1.08275,0.81221,0.73229,0.76868,0.44978,1.1331,0.63669,1.0328,0.029174,0.00972466,0.029174,0.00972466,0.029174,0.00972466,0.029174,0.00972466
18,7178.24,1.2816,0.76692,1.0811,0.85784,0.73287,0.79158,0.47606,1.10743,0.61613,1.02391,0.0290686,0.00968955,0.0290686,0.00968955,0.0290686,0.00968955,0.0290686,0.00968955
19,7562.69,1.27562,0.7604,1.07488,0.87434,0.70883,0.79591,0.47529,1.1661,0.61991,1.03047,0.0289572,0.00965239,0.0289572,0.00965239,0.0289572,0.00965239,0.0289572,0.00965239
20,7950.59,1.26872,0.75264,1.07153,0.8537,0.75444,0.80377,0.49061,1.11859,0.60239,1.02144,0.0288397,0.00961322,0.0288397,0.00961322,0.0288397,0.00961322,0.0288397,0.00961322
21,8334.88,1.25378,0.74469,1.06686,0.92708,0.68697,0.78427,0.4885,1.10023,0.5942,1.02299,0.0287162,0.00957205,0.0287162,0.00957205,0.0287162,0.00957205,0.0287162,0.00957205
22,8718.69,1.25169,0.73911,1.06624,0.88801,0.72659,0.80947,0.49532,1.10379,0.5914,1.01413,0.0285867,0.00952889,0.0285867,0.00952889,0.0285867,0.00952889,0.0285867,0.00952889
23,9105.25,1.247,0.73469,1.06427,0.84723,0.73169,0.7972,0.48739,1.08782,0.58907,1.01898,0.0284513,0.00948377,0.0284513,0.00948377,0.0284513,0.00948377,0.0284513,0.00948377
24,9492.14,1.23707,0.73014,1.05993,0.87399,0.73604,0.79839,0.4844,1.1173,0.58932,1.01556,0.0283101,0.00943671,0.0283101,0.00943671,0.0283101,0.00943671,0.0283101,0.00943671
25,9880.72,1.22925,0.72069,1.0554,0.83916,0.75759,0.81225,0.50066,1.08116,0.57045,1.01324,0.0281632,0.00938772,0.0281632,0.00938772,0.0281632,0.00938772,0.0281632,0.00938772
26,10267.9,1.22334,0.71432,1.05373,0.88694,0.7463,0.81125,0.49117,1.09382,0.57937,1.0176,0.0280105,0.00933683,0.0280105,0.00933683,0.0280105,0.00933683,0.0280105,0.00933683
27,10659.8,1.23169,0.72037,1.05965,0.8689,0.74298,0.80713,0.50277,1.08075,0.57194,1.01385,0.0278522,0.00928405,0.0278522,0.00928405,0.0278522,0.00928405,0.0278522,0.00928405
28,11055.3,1.21672,0.70857,1.04997,0.88424,0.76611,0.82156,0.50306,1.07243,0.56895,1.01601,0.0276883,0.00922942,0.0276883,0.00922942,0.0276883,0.00922942,0.0276883,0.00922942
29,11440.1,1.21539,0.70695,1.04925,0.91183,0.73502,0.81031,0.49996,1.06062,0.56775,1.00909,0.0275189,0.00917296,0.0275189,0.00917296,0.0275189,0.00917296,0.0275189,0.00917296
30,11828.1,1.20811,0.69922,1.04505,0.87355,0.76964,0.82255,0.5026,1.06328,0.56371,1.00686,0.0273441,0.00911469,0.0273441,0.00911469,0.0273441,0.00911469,0.0273441,0.00911469
31,12211.3,1.19948,0.69923,1.0472,0.8995,0.75952,0.83319,0.51684,1.05336,0.55388,1.00499,0.0271639,0.00905463,0.0271639,0.00905463,0.0271639,0.00905463,0.0271639,0.00905463
32,12602.2,1.20548,0.69929,1.04525,0.91312,0.73369,0.81576,0.51224,1.0582,0.55872,1.0083,0.0269785,0.00899282,0.0269785,0.00899282,0.0269785,0.00899282,0.0269785,0.00899282
33,12990.6,1.20258,0.69873,1.043,0.86126,0.74609,0.81549,0.5019,1.05493,0.55041,1.0003,0.0267878,0.00892928,0.0267878,0.00892928,0.0267878,0.00892928,0.0267878,0.00892928
34,13381.7,1.19805,0.69612,1.04508,0.8496,0.7744,0.82106,0.50877,1.05738,0.55394,1.00156,0.0265921,0.00886404,0.0265921,0.00886404,0.0265921,0.00886404,0.0265921,0.00886404
35,13767.7,1.19287,0.68918,1.04236,0.87468,0.76986,0.8167,0.50866,1.04461,0.5502,0.9972,0.0263914,0.00879713,0.0263914,0.00879713,0.0263914,0.00879713,0.0263914,0.00879713
36,14157.2,1.19074,0.68503,1.03907,0.87219,0.76999,0.83981,0.5187,1.03783,0.54106,0.99851,0.0261857,0.00872857,0.0261857,0.00872857,0.0261857,0.00872857,0.0261857,0.00872857
37,14547.5,1.18598,0.68455,1.03768,0.86727,0.77782,0.82999,0.50957,1.04734,0.54389,1.00383,0.0259752,0.00865839,0.0259752,0.00865839,0.0259752,0.00865839,0.0259752,0.00865839
38,14935.4,1.17701,0.67997,1.03681,0.88931,0.76233,0.82684,0.5202,1.03098,0.53966,0.99768,0.0257599,0.00858664,0.0257599,0.00858664,0.0257599,0.00858664,0.0257599,0.00858664
39,15329.7,1.17807,0.67752,1.03576,0.89845,0.75863,0.83105,0.52421,1.03543,0.53749,0.99577,0.02554,0.00851333,0.02554,0.00851333,0.02554,0.00851333,0.02554,0.00851333
40,15722.6,1.17796,0.67879,1.03454,0.86361,0.79061,0.836,0.52206,1.04039,0.53066,0.99436,0.0253155,0.00843851,0.0253155,0.00843851,0.0253155,0.00843851,0.0253155,0.00843851
41,16116.6,1.16995,0.67165,1.02948,0.86924,0.78752,0.83852,0.52797,1.02948,0.52883,0.9923,0.0250866,0.0083622,0.0250866,0.0083622,0.0250866,0.0083622,0.0250866,0.0083622
42,16518.2,1.17129,0.67061,1.0314,0.90013,0.76611,0.84062,0.52846,1.02461,0.53024,0.99292,0.0248533,0.00828443,0.0248533,0.00828443,0.0248533,0.00828443,0.0248533,0.00828443
43,16935.3,1.16767,0.66835,1.0318,0.87173,0.77573,0.83473,0.52686,1.0278,0.52285,0.99299,0.0246157,0.00820525,0.0246157,0.00820525,0.0246157,0.00820525,0.0246157,0.00820525
44,17348.3,1.17068,0.6703,1.03187,0.88885,0.77259,0.83601,0.52803,1.03209,0.52579,0.99439,0.024374,0.00812468,0.024374,0.00812468,0.024374,0.00812468,0.024374,0.00812468
45,17763.1,1.16133,0.66846,1.02816,0.88241,0.76791,0.8357,0.52524,1.03557,0.52692,0.99553,0.0241283,0.00804277,0.0241283,0.00804277,0.0241283,0.00804277,0.0241283,0.00804277
46,18177.9,1.15695,0.66205,1.02625,0.89078,0.7718,0.83896,0.52631,1.02597,0.51782,0.99236,0.0238786,0.00795954,0.0238786,0.00795954,0.0238786,0.00795954,0.0238786,0.00795954
47,18589.6,1.15668,0.6549,1.02434,0.87656,0.78663,0.84374,0.52819,1.02775,0.51525,0.99111,0.0236251,0.00787503,0.0236251,0.00787503,0.0236251,0.00787503,0.0236251,0.00787503
48,19007.6,1.15458,0.65568,1.0233,0.88127,0.77685,0.83969,0.52619,1.02067,0.51847,0.98916,0.0233679,0.00778929,0.0233679,0.00778929,0.0233679,0.00778929,0.0233679,0.00778929
49,19422.4,1.14743,0.65158,1.02397,0.86569,0.78971,0.83627,0.52251,1.02924,0.51767,0.9934,0.023107,0.00770234,0.023107,0.00770234,0.023107,0.00770234,0.023107,0.00770234
50,19832.9,1.14745,0.64935,1.02173,0.87204,0.77935,0.83966,0.52551,1.01321,0.5131,0.98792,0.0228427,0.00761423,0.0228427,0.00761423,0.0228427,0.00761423,0.0228427,0.00761423
51,20244.4,1.15084,0.65543,1.02495,0.88345,0.79941,0.84493,0.53179,1.0149,0.51315,0.9903,0.022575,0.007525,0.022575,0.007525,0.022575,0.007525,0.022575,0.007525
52,20663.8,1.14561,0.64951,1.02351,0.88678,0.77421,0.83902,0.52974,1.02404,0.5116,0.98919,0.022304,0.00743468,0.022304,0.00743468,0.022304,0.00743468,0.022304,0.00743468
53,21079.2,1.13844,0.64187,1.01713,0.90112,0.79538,0.84691,0.52966,1.01467,0.50932,0.98662,0.0220299,0.00734332,0.0220299,0.00734332,0.0220299,0.00734332,0.0220299,0.00734332
54,21480.5,1.14275,0.64822,1.0224,0.90977,0.77231,0.84101,0.53025,1.00589,0.5081,0.98315,0.0217528,0.00725094,0.0217528,0.00725094,0.0217528,0.00725094,0.0217528,0.00725094
55,21866.9,1.13887,0.64055,1.01825,0.89161,0.78019,0.83834,0.53245,1.00584,0.507,0.98265,0.0214728,0.00715761,0.0214728,0.00715761,0.0214728,0.00715761,0.0214728,0.00715761
56,22258,1.1343,0.63814,1.01744,0.89234,0.77368,0.8432,0.53555,1.00525,0.50639,0.98348,0.02119,0.00706335,0.02119,0.00706335,0.02119,0.00706335,0.02119,0.00706335
57,22657.5,1.12896,0.63437,1.01409,0.90661,0.76993,0.84065,0.53358,1.00547,0.50487,0.98234,0.0209046,0.0069682,0.0209046,0.0069682,0.0209046,0.0069682,0.0209046,0.0069682
58,23049.3,1.12242,0.63304,1.01316,0.87847,0.77827,0.83738,0.53214,1.00735,0.50354,0.98375,0.0206166,0.00687222,0.0206166,0.00687222,0.0206166,0.00687222,0.0206166,0.00687222
59,23440.1,1.12728,0.63249,1.01442,0.91755,0.77027,0.84095,0.53321,1.005,0.50324,0.98446,0.0203263,0.00677543,0.0203263,0.00677543,0.0203263,0.00677543,0.0203263,0.00677543
60,23829.9,1.11745,0.62558,1.00962,0.91157,0.76769,0.83694,0.53448,1.00102,0.50046,0.98104,0.0200337,0.00667789,0.0200337,0.00667789,0.0200337,0.00667789,0.0200337,0.00667789
61,24227.5,1.12135,0.62752,1.01085,0.89036,0.78922,0.8387,0.53314,0.9993,0.49957,0.98042,0.0197389,0.00657963,0.0197389,0.00657963,0.0197389,0.00657963,0.0197389,0.00657963
62,24621.8,1.11982,0.62582,1.01129,0.89265,0.77347,0.84126,0.53538,0.99583,0.4998,0.97956,0.0194421,0.00648071,0.0194421,0.00648071,0.0194421,0.00648071,0.0194421,0.00648071
63,25018.4,1.10936,0.6233,1.00656,0.88092,0.78924,0.8449,0.53798,0.9919,0.4957,0.97791,0.0191435,0.00638115,0.0191435,0.00638115,0.0191435,0.00638115,0.0191435,0.00638115
64,25416.9,1.11035,0.62229,1.01014,0.85992,0.80262,0.84426,0.53209,0.99091,0.4942,0.97728,0.018843,0.00628101,0.018843,0.00628101,0.018843,0.00628101,0.018843,0.00628101
65,25816.7,1.10841,0.61714,1.00834,0.86207,0.79788,0.84651,0.5349,0.98995,0.49267,0.97726,0.018541,0.00618034,0.018541,0.00618034,0.018541,0.00618034,0.018541,0.00618034
66,26224.3,1.10799,0.611,1.00551,0.89286,0.79422,0.84679,0.5376,0.98908,0.48947,0.97585,0.0182375,0.00607916,0.0182375,0.00607916,0.0182375,0.00607916,0.0182375,0.00607916
67,26620.2,1.10074,0.61365,1.00758,0.88518,0.7978,0.8487,0.53816,0.99007,0.48674,0.97595,0.0179326,0.00597754,0.0179326,0.00597754,0.0179326,0.00597754,0.0179326,0.00597754
68,27009.2,1.10846,0.61642,1.00982,0.90821,0.77629,0.84885,0.54002,0.98962,0.48839,0.97707,0.0176265,0.00587551,0.0176265,0.00587551,0.0176265,0.00587551,0.0176265,0.00587551
69,27411.5,1.10207,0.61141,1.00668,0.8827,0.79256,0.84775,0.5401,0.98981,0.48978,0.97795,0.0173193,0.00577311,0.0173193,0.00577311,0.0173193,0.00577311,0.0173193,0.00577311
70,27806.3,1.09749,0.61251,1.0062,0.90184,0.77597,0.84615,0.53648,0.99342,0.49112,0.97978,0.0170112,0.0056704,0.0170112,0.0056704,0.0170112,0.0056704,0.0170112,0.0056704
71,28212.6,1.09491,0.60799,1.00159,0.88142,0.78976,0.8508,0.53851,0.99545,0.48904,0.97883,0.0167022,0.00556742,0.0167022,0.00556742,0.0167022,0.00556742,0.0167022,0.00556742
72,28612.9,1.09474,0.60519,1.00272,0.88339,0.78678,0.84721,0.53961,0.99512,0.48878,0.97797,0.0163926,0.00546421,0.0163926,0.00546421,0.0163926,0.00546421,0.0163926,0.00546421
73,29022.4,1.09313,0.60105,1.00421,0.88351,0.79353,0.84959,0.54164,0.99087,0.4872,0.97779,0.0160824,0.00536081,0.0160824,0.00536081,0.0160824,0.00536081,0.0160824,0.00536081
74,29481.5,1.0924,0.60251,0.99989,0.88797,0.79371,0.84615,0.54024,0.99305,0.4869,0.9787,0.0157719,0.00525728,0.0157719,0.00525728,0.0157719,0.00525728,0.0157719,0.00525728
75,29942.5,1.09019,0.60089,0.99981,0.89241,0.78162,0.84423,0.54049,0.99279,0.4856,0.9785,0.015461,0.00515366,0.015461,0.00515366,0.015461,0.00515366,0.015461,0.00515366
76,30405,1.08367,0.59884,0.99736,0.89014,0.78171,0.84375,0.54043,0.9924,0.48657,0.97825,0.01515,0.00505,0.01515,0.00505,0.01515,0.00505,0.01515,0.00505
77,30884.7,1.08127,0.59614,0.99603,0.8923,0.78028,0.84284,0.53851,0.99245,0.48499,0.97788,0.014839,0.00494634,0.014839,0.00494634,0.014839,0.00494634,0.014839,0.00494634
78,31375.1,1.07297,0.59248,0.99422,0.89962,0.7739,0.84535,0.53998,0.99206,0.48492,0.97724,0.0145281,0.00484272,0.0145281,0.00484272,0.0145281,0.00484272,0.0145281,0.00484272
79,31835,1.07631,0.59236,0.99529,0.86656,0.79456,0.84412,0.5409,0.98992,0.48366,0.97635,0.0142176,0.00473919,0.0142176,0.00473919,0.0142176,0.00473919,0.0142176,0.00473919
80,32354.7,1.07521,0.5926,0.99679,0.86535,0.79931,0.84632,0.54016,0.98936,0.484,0.97673,0.0139074,0.00463579,0.0139074,0.00463579,0.0139074,0.00463579,0.0139074,0.00463579
81,32873.7,1.06859,0.58586,0.99241,0.86811,0.79305,0.84703,0.54135,0.98858,0.48248,0.97654,0.0135978,0.00453258,0.0135978,0.00453258,0.0135978,0.00453258,0.0135978,0.00453258
82,33322.2,1.07534,0.59032,0.99479,0.90048,0.76829,0.84466,0.53933,0.98866,0.48275,0.9767,0.0132888,0.0044296,0.0132888,0.0044296,0.0132888,0.0044296,0.0132888,0.0044296
83,33748.4,1.07328,0.58351,0.99251,0.90141,0.77242,0.84739,0.54072,0.98682,0.482,0.97578,0.0129807,0.00432689,0.0129807,0.00432689,0.0129807,0.00432689,0.0129807,0.00432689
84,34186.7,1.06829,0.58998,0.99304,0.90624,0.77145,0.84857,0.54041,0.98647,0.482,0.97566,0.0126735,0.00422449,0.0126735,0.00422449,0.0126735,0.00422449,0.0126735,0.00422449
85,34645.4,1.06479,0.58674,0.99422,0.89241,0.77971,0.85041,0.5434,0.98509,0.48048,0.97522,0.0123674,0.00412246,0.0123674,0.00412246,0.0123674,0.00412246,0.0123674,0.00412246
86,35112.1,1.05792,0.57718,0.98788,0.9087,0.77101,0.8486,0.54235,0.9841,0.48,0.97493,0.0120625,0.00402084,0.0120625,0.00402084,0.0120625,0.00402084,0.0120625,0.00402084
87,35569.1,1.05759,0.57773,0.9881,0.89941,0.76973,0.84752,0.54168,0.98302,0.48023,0.97455,0.011759,0.00391966,0.011759,0.00391966,0.011759,0.00391966,0.011759,0.00391966
88,36021.2,1.05937,0.58123,0.98769,0.89916,0.77252,0.84907,0.54179,0.98405,0.48012,0.97485,0.011457,0.00381899,0.011457,0.00381899,0.011457,0.00381899,0.011457,0.00381899
89,36494.2,1.0501,0.57164,0.98692,0.9024,0.77251,0.8487,0.54329,0.98366,0.47978,0.97482,0.0111565,0.00371885,0.0111565,0.00371885,0.0111565,0.00371885,0.0111565,0.00371885
90,36962.4,1.05107,0.57374,0.98682,0.90545,0.77601,0.8513,0.54418,0.98423,0.47931,0.97489,0.0108579,0.00361929,0.0108579,0.00361929,0.0108579,0.00361929,0.0108579,0.00361929
91,37369.1,1.05223,0.57473,0.98694,0.9075,0.77356,0.85093,0.5437,0.98398,0.479,0.975,0.0105611,0.00352037,0.0105611,0.00352037,0.0105611,0.00352037,0.0105611,0.00352037
92,37771.8,1.04881,0.5734,0.98596,0.91176,0.77174,0.8518,0.54397,0.98494,0.47891,0.97538,0.0102663,0.00342211,0.0102663,0.00342211,0.0102663,0.00342211,0.0102663,0.00342211
93,38175.9,1.04047,0.56341,0.98176,0.90868,0.77617,0.85395,0.54496,0.98573,0.47885,0.97565,0.00997371,0.00332457,0.00997371,0.00332457,0.00997371,0.00332457,0.00997371,0.00332457
94,38581.8,1.0408,0.56422,0.9827,0.91277,0.77356,0.85352,0.54535,0.98561,0.47855,0.97558,0.00968335,0.00322778,0.00968335,0.00322778,0.00968335,0.00322778,0.00968335,0.00322778
95,38984.6,1.03578,0.56215,0.98046,0.90973,0.78331,0.85523,0.54582,0.98584,0.47854,0.9755,0.00939539,0.0031318,0.00939539,0.0031318,0.00939539,0.0031318,0.00939539,0.0031318
96,39389.5,1.03469,0.56035,0.98054,0.9019,0.78574,0.85535,0.54595,0.98629,0.47841,0.97561,0.00910996,0.00303665,0.00910996,0.00303665,0.00910996,0.00303665,0.00910996,0.00303665
97,39793,1.0327,0.56046,0.98042,0.91485,0.77949,0.85509,0.54528,0.98663,0.47815,0.97559,0.00882718,0.00294239,0.00882718,0.00294239,0.00882718,0.00294239,0.00882718,0.00294239
98,40193.2,1.033,0.5609,0.97867,0.91748,0.78092,0.85555,0.5451,0.98708,0.47754,0.97556,0.00854717,0.00284906,0.00854717,0.00284906,0.00854717,0.00284906,0.00854717,0.00284906
99,40595.9,1.02917,0.55218,0.97812,0.91765,0.78002,0.85562,0.54618,0.98696,0.4773,0.97568,0.00827005,0.00275668,0.00827005,0.00275668,0.00827005,0.00275668,0.00827005,0.00275668
100,41000.5,1.02753,0.55201,0.97609,0.91001,0.78161,0.85435,0.54682,0.98763,0.47743,0.9757,0.00799596,0.00266532,0.00799596,0.00266532,0.00799596,0.00266532,0.00799596,0.00266532
101,41403.1,1.03202,0.55665,0.97695,0.91343,0.78363,0.85578,0.546,0.98771,0.47753,0.97562,0.007725,0.002575,0.007725,0.002575,0.007725,0.002575,0.007725,0.002575
102,41802.5,1.01855,0.54582,0.97611,0.91488,0.78332,0.85631,0.54594,0.98796,0.47768,0.97558,0.0074573,0.00248577,0.0074573,0.00248577,0.0074573,0.00248577,0.0074573,0.00248577
103,42206.2,1.02548,0.55044,0.97767,0.91136,0.78353,0.85649,0.54589,0.98851,0.47829,0.97581,0.00719297,0.00239766,0.00719297,0.00239766,0.00719297,0.00239766,0.00719297,0.00239766
104,42621.3,1.01457,0.54587,0.97253,0.90742,0.78402,0.85604,0.54587,0.98861,0.47846,0.9758,0.00693214,0.00231071,0.00693214,0.00231071,0.00693214,0.00231071,0.00693214,0.00231071
105,43062.3,1.01626,0.54776,0.97566,0.90491,0.78561,0.85622,0.54605,0.9887,0.47812,0.97583,0.0066749,0.00222497,0.0066749,0.00222497,0.0066749,0.00222497,0.0066749,0.00222497
106,43504.9,1.01972,0.54731,0.97417,0.90698,0.78564,0.85637,0.54637,0.98879,0.47815,0.97562,0.00642139,0.00214046,0.00642139,0.00214046,0.00642139,0.00214046,0.00642139,0.00214046
107,43942.6,1.01207,0.54239,0.97162,0.90717,0.78574,0.85563,0.54614,0.98887,0.47787,0.97577,0.0061717,0.00205723,0.0061717,0.00205723,0.0061717,0.00205723,0.0061717,0.00205723
108,44377.3,1.01302,0.53789,0.97332,0.90381,0.78593,0.85569,0.54645,0.98885,0.47766,0.97576,0.00592596,0.00197532,0.00592596,0.00197532,0.00592596,0.00197532,0.00592596,0.00197532
109,44811.9,1.00777,0.53966,0.97177,0.90241,0.78593,0.85577,0.54618,0.98878,0.4773,0.9756,0.00568425,0.00189475,0.00568425,0.00189475,0.00568425,0.00189475,0.00568425,0.00189475
110,45243.2,1.00243,0.53767,0.96906,0.9046,0.78603,0.85601,0.54574,0.98934,0.47741,0.97577,0.0054467,0.00181557,0.0054467,0.00181557,0.0054467,0.00181557,0.0054467,0.00181557
111,45674.2,1.00853,0.53737,0.97025,0.90438,0.7863,0.85524,0.54608,0.98951,0.47761,0.97588,0.00521341,0.0017378,0.00521341,0.0017378,0.00521341,0.0017378,0.00521341,0.0017378
112,46103.2,0.99823,0.53478,0.96801,0.90828,0.78583,0.85598,0.54526,0.98991,0.47757,0.97587,0.00498448,0.00166149,0.00498448,0.00166149,0.00498448,0.00166149,0.00498448,0.00166149
113,46530.7,0.99769,0.53181,0.96676,0.90451,0.78763,0.85483,0.54588,0.98998,0.47771,0.97579,0.00476,0.00158667,0.00476,0.00158667,0.00476,0.00158667,0.00476,0.00158667
114,46956.5,0.99539,0.531,0.96814,0.90675,0.78785,0.85483,0.54586,0.98983,0.47752,0.97579,0.00454008,0.00151336,0.00454008,0.00151336,0.00454008,0.00151336,0.00454008,0.00151336
115,47380.4,0.99905,0.53182,0.96741,0.90918,0.78683,0.85515,0.54612,0.99018,0.47742,0.97565,0.00432482,0.00144161,0.00432482,0.00144161,0.00432482,0.00144161,0.00432482,0.00144161
116,47809.2,0.99086,0.52326,0.9658,0.90927,0.7857,0.85591,0.54584,0.98962,0.47722,0.97575,0.0041143,0.00137143,0.0041143,0.00137143,0.0041143,0.00137143,0.0041143,0.00137143
117,48239.5,0.98869,0.52621,0.9659,0.90949,0.78717,0.85641,0.54621,0.99004,0.47723,0.9761,0.00390862,0.00130287,0.00390862,0.00130287,0.00390862,0.00130287,0.00390862,0.00130287
118,48667.9,0.98622,0.52551,0.96528,0.90922,0.78716,0.85676,0.5459,0.99008,0.47747,0.97606,0.00370788,0.00123596,0.00370788,0.00123596,0.00370788,0.00123596,0.00370788,0.00123596
119,49104.4,0.99027,0.52738,0.96631,0.90928,0.78553,0.85699,0.54627,0.98983,0.47679,0.97606,0.00351215,0.00117072,0.00351215,0.00117072,0.00351215,0.00117072,0.00351215,0.00117072
120,49545,0.98375,0.52083,0.96307,0.90903,0.78589,0.8561,0.54561,0.98997,0.47667,0.97601,0.00332153,0.00110718,0.00332153,0.00110718,0.00332153,0.00110718,0.00332153,0.00110718
121,49979.3,0.98519,0.52333,0.96176,0.91175,0.78697,0.85661,0.54578,0.98985,0.47649,0.97592,0.0031361,0.00104537,0.0031361,0.00104537,0.0031361,0.00104537,0.0031361,0.00104537
122,50389.1,0.97799,0.51911,0.9621,0.91134,0.78732,0.85776,0.54645,0.98989,0.47636,0.97595,0.00295593,0.000985311,0.00295593,0.000985311,0.00295593,0.000985311,0.00295593,0.000985311
123,50828,0.98034,0.51876,0.96293,0.91132,0.78686,0.85688,0.54537,0.99,0.47624,0.97589,0.00278112,0.00092704,0.00278112,0.00092704,0.00278112,0.00092704,0.00278112,0.00092704
124,51270.7,0.97856,0.51845,0.96168,0.91029,0.7895,0.8577,0.54675,0.99001,0.47601,0.97593,0.00261173,0.000870577,0.00261173,0.000870577,0.00261173,0.000870577,0.00261173,0.000870577
125,51677.3,0.97837,0.5178,0.96263,0.91065,0.78996,0.85844,0.54674,0.99015,0.4761,0.97611,0.00244784,0.000815947,0.00244784,0.000815947,0.00244784,0.000815947,0.00244784,0.000815947
